ADM0_NAME,DateOfReport,cum_conf,cum_death,ID,CENTER_LON,CENTER_LAT,ADM0_VIZ_NAME,Short_Name_ZH,Short_Name_FR,Short_Name_ES,Short_Name_RU,Short_Name_AR
China,2020-04-12T00:00:00.000Z,83597,3351,647961,103.8934731,36.51870146,China,中国,Chine,China,Китай,الصين
Republic of Korea,2020-04-12T00:00:00.000Z,10537,217,647962,127.8293439,36.36770228,Republic of Korea,大韩民国,République de Corée,República de Corea,Республика Корея,جمهورية كوريا
Japan,2020-04-12T00:00:00.000Z,7255,102,647963,137.9738703,37.53982621,Japan,日本,Japon,Japón,Япония,اليابان
Australia,2020-04-12T00:00:00.000Z,6322,61,647964,134.490976,-25.73326023,Australia,澳大利亚,Australie,Australia,Австралия,أستراليا
Malaysia,2020-04-12T00:00:00.000Z,4683,76,647965,109.7115743,3.79382045,Malaysia,马来西亚,Malaisie,Malasia,Малайзия,ماليزيا
Philippines,2020-04-12T00:00:00.000Z,4648,297,647966,122.8736074,11.74740203,Philippines,菲律宾,Philippines,Filipinas,Филиппины,الفلبين
Singapore,2020-04-12T00:00:00.000Z,2532,8,647967,103.8076536,1.35118038,Singapore,新加坡,Singapour,Singapur,Сингапур,سنغافورة
New Zealand,2020-04-12T00:00:00.000Z,1064,5,647968,171.6039713,-41.83710689,New Zealand,新西兰,Nouvelle-Zélande,Nueva Zelandia,Новая Зеландия,نيوزيلندا
Viet Nam,2020-04-12T00:00:00.000Z,262,0,647969,106.3040353,16.65160342,Viet Nam,越南,Viet Nam,Viet Nam,Вьетнам,فييت نام
Brunei Darussalam,2020-04-12T00:00:00.000Z,136,1,647970,114.7613209,4.52147838,Brunei Darussalam,文莱达鲁萨兰国,Brunéi Darussalam,Brunei Darussalam,Бруней-Даруссалам ,بروني دار السلام
Cambodia,2020-04-12T00:00:00.000Z,122,0,647971,104.9212396,12.71402994,Cambodia,柬埔寨,Cambodge,Camboya,Камбоджа,كمبوديا
Lao People's Democratic Republic,2020-04-12T00:00:00.000Z,19,0,647972,103.7634056,18.50245057,Lao People's Democratic Republic,老挝人民民主共和国,République démocratique populaire lao,República Democrática Popular Lao,Лаосская Народно-Демократическая Республика,جمهورية لاوس الديمقراطية الشعبية
Fiji,2020-04-12T00:00:00.000Z,16,0,647973,178.182,-17.855,Fiji,斐济,Fidji,Fiji,Фиджи ,فيجي
Mongolia,2020-04-12T00:00:00.000Z,16,0,647974,103.0830311,46.83520872,Mongolia,蒙古,Mongolie,Mongolia,Монголия,منغوليا
Papua New Guinea,2020-04-12T00:00:00.000Z,2,0,647975,145.2536876,-6.47589335,Papua New Guinea,巴布亚新几内亚,Papouasie-Nouvelle-Guinée,Papua Nueva Guinea,Папуа-Новая Гвинея,بابوا غينيا الجديدة
Guam,2020-04-12T00:00:00.000Z,133,5,647976,144.7758568,13.44403107,Guam,"关岛
",,,,
French Polynesia,2020-04-12T00:00:00.000Z,53,0,647977,-149.568,-17.532,French Polynesia,"法属波利尼西亚
",,,,
New Caledonia,2020-04-12T00:00:00.000Z,18,0,647978,165.6718498,-21.29461419,New Caledonia,"新喀里多尼亚
",,,,
Northern Mariana Islands (Commonwealth of the),2020-04-12T00:00:00.000Z,11,2,647979,145.5878321,16.25570464,Northern Mariana Islands (Commonwealth of the),"北马里亚纳群岛自由邦
",,,,
Spain,2020-04-12T00:00:00.000Z,161852,16353,647980,-3.64931118,40.22749596,Spain,西班牙,Espagne,España,Испания,إسبانيا
Italy,2020-04-12T00:00:00.000Z,152271,19470,647981,12.07165559,42.79119167,Italy,意大利,Italie,Italia,Италия,إيطاليا
Germany,2020-04-12T00:00:00.000Z,120479,2673,647982,10.39232967,51.11015396,Germany,德国,Allemagne,Alemania,Германия,ألمانيا
France,2020-04-12T00:00:00.000Z,92787,13814,647983,2.55042646,46.56487403,France,法国,France,Francia,Франция,فرنسا
The United Kingdom,2020-04-12T00:00:00.000Z,78995,9875,647984,-2.90049476,54.1601792,The United Kingdom,大不列颠及北爱尔兰联合王国,Royaume-Uni de Grande-Bretagne et d'Irlande du Nord,Reino Unido de Gran Bretaña e Irlanda del Norte,Соединенное Королевство Великобритании и Северной Ирландии,المملكة المتحدة لبريطانيا العظمى وآيرلندا الشمالية 
Turkey,2020-04-12T00:00:00.000Z,52167,1101,647985,35.17921811,39.06061856,Turkey,土耳其,Turquie,Turquía,Турция,تركيا
Belgium,2020-04-12T00:00:00.000Z,28018,3346,647986,4.66434841,50.64295176,Belgium,比利时,Belgique,Bélgica,Бельгия,بلجيكا
Switzerland,2020-04-12T00:00:00.000Z,24820,831,647987,8.23458738,46.8025828,Switzerland,瑞士,Suisse,Suiza,Швейцария,سويسرا
Netherlands,2020-04-12T00:00:00.000Z,24413,2643,647988,5.60099776,52.2535763,Netherlands,荷兰,Pays-Bas,Países Bajos,Нидерланды,هولندا
Portugal,2020-04-12T00:00:00.000Z,15987,470,647989,-8.46736074,39.60269511,Portugal,葡萄牙,Portugal,Portugal,Португалия,البرتغال
Russian Federation,2020-04-12T00:00:00.000Z,15770,130,647990,96.68944215,61.9882456,Russian Federation,俄罗斯联邦,Fédération de Russie,Federación de Rusia,Российская Федерация,الاتحاد الروسي
Austria,2020-04-12T00:00:00.000Z,13807,337,647991,14.13998831,47.59295768,Austria,奥地利,Autriche,Austria,Австрия,النمسا
Israel,2020-04-12T00:00:00.000Z,10525,96,647992,34.96598271,31.35805652,Israel,以色列,Israël,Israel,Израиль,إسرائيل
Sweden,2020-04-12T00:00:00.000Z,10151,887,647993,16.74115526,62.78774226,Sweden,瑞典,Suède,Suecia,Швеция,السويد
Ireland,2020-04-12T00:00:00.000Z,8928,320,647994,-8.1515763,53.17708682,Ireland,爱尔兰,Irlande,Irlanda,Ирландия,آيرلندا
Poland,2020-04-12T00:00:00.000Z,6356,208,647995,19.40092017,52.12472405,Poland,波兰,Pologne,Polonia,Польша,بولندا
Norway,2020-04-12T00:00:00.000Z,6320,98,647996,14.07508911,64.44784887,Norway,挪威,Norvège,Noruega,Норвегия,النرويج
Denmark,2020-04-12T00:00:00.000Z,5996,260,647997,10.05082082,55.9623328,Denmark,丹麦,Danemark,Dinamarca,Дания,الدانمرك
Romania,2020-04-12T00:00:00.000Z,5990,282,647998,24.96990758,45.84360558,Romania,罗马尼亚,Roumanie,Rumania,Румыния,رومانيا
Czechia,2020-04-12T00:00:00.000Z,5902,129,647999,15.33833995,49.74303614,Czechia,捷克,Tchéquie,Chequia,Чехия,تشيكيا
Serbia,2020-04-12T00:00:00.000Z,3380,74,648000,20.81133086,44.03387222,Serbia,塞尔维亚,Serbie,Serbia,Сербия,صربيا
Luxembourg,2020-04-12T00:00:00.000Z,3270,62,648001,6.08754416,49.77096396,Luxembourg,卢森堡,Luxembourg,Luxemburgo,Люксембург,لكسمبرغ
Finland,2020-04-12T00:00:00.000Z,2905,49,648002,26.2588423,64.49433129,Finland,芬兰,Finlande,Finlandia,Финляндия,فنلندا
Ukraine,2020-04-12T00:00:00.000Z,2777,83,648003,31.38784552,49.01609429,Ukraine,乌克兰,Ukraine,Ucrania,Украина,أوكرانيا
Belarus,2020-04-12T00:00:00.000Z,2226,23,648004,28.04696448,53.54021951,Belarus,白俄罗斯,Bélarus,Belarús,Беларусь,بيلاروس
Greece,2020-04-12T00:00:00.000Z,2081,93,648005,22.9879848,39.04452874,Greece,希腊,Grèce,Grecia,Греция,اليونان
Iceland,2020-04-12T00:00:00.000Z,1689,8,648006,-18.6057026,64.99764998,Iceland,冰岛,Islande,Islandia,Исландия,آيسلندا
Republic of Moldova,2020-04-12T00:00:00.000Z,1560,30,648007,28.47434317,47.19332561,Republic of Moldova,摩尔多瓦共和国,République de Moldova,la República de Moldova,Республика Молдова, جمهورية مولدوفا
Croatia,2020-04-12T00:00:00.000Z,1534,21,648008,16.40934249,45.04363696,Croatia,克罗地亚,Croatie,Croacia,Хорватия,كرواتيا
Hungary,2020-04-12T00:00:00.000Z,1410,99,648009,19.41342813,47.16647906,Hungary,匈牙利,Hongrie,Hungría,Венгрия,هنغاريا
Estonia,2020-04-12T00:00:00.000Z,1304,24,648010,25.5257709,58.67400787,Estonia,爱沙尼亚,Estonie,Estonia,Эстония,إستونيا
Slovenia,2020-04-12T00:00:00.000Z,1188,50,648011,14.82707444,46.12355026,Slovenia,斯洛文尼亚,Slovénie,Eslovenia,Словения,سلوفينيا
Azerbaijan,2020-04-12T00:00:00.000Z,1058,11,648012,47.53232681,40.2922195,Azerbaijan,阿塞拜疆,Azerbaïdjan,Azerbaiyán,Азербайджан,أذربيجان
Lithuania,2020-04-12T00:00:00.000Z,1053,23,648013,23.89683075,55.33585013,Lithuania,立陶宛,Lituanie,Lituania,Литва,ليتوانيا
Armenia,2020-04-12T00:00:00.000Z,1013,13,648014,44.94793424,40.28641688,Armenia,亚美尼亚,Arménie,Armenia,Армения,أرمينيا
Bosnia and Herzegovina,2020-04-12T00:00:00.000Z,948,37,648015,17.78861095,44.16643966,Bosnia and Herzegovina,波斯尼亚和黑塞哥维那,Bosnie-Herzégovine,Bosnia y Herzegovina,Босния и Герцеговина,البوسنة والهرسك
Kazakhstan,2020-04-12T00:00:00.000Z,897,10,648016,67.30130018,48.1600427,Kazakhstan,哈萨克斯坦,Kazakhstan,Kazajstán,Казахстан,كازاخستان
North Macedonia,2020-04-12T00:00:00.000Z,828,34,648017,21.6991485,41.59922075,North Macedonia,北马其顿,Macédoine du Nord,Macedonia del Norte,Северная Македония,مقدونيا الشمالية
Uzbekistan,2020-04-12T00:00:00.000Z,796,3,648018,63.16950578,41.75041661,Uzbekistan,乌兹别克斯坦,Ouzbékistan,Uzbekistán,Узбекистан,أوزبكستان
Slovakia,2020-04-12T00:00:00.000Z,728,2,648019,19.49145028,48.7073588,Slovakia,斯洛伐克,Slovaquie,Eslovaquia,Словакия,سلوفاكيا
Bulgaria,2020-04-12T00:00:00.000Z,661,28,648020,25.23475756,42.76032141,Bulgaria,保加利亚,Bulgarie,Bulgaria,Болгария,بلغاريا
Latvia,2020-04-12T00:00:00.000Z,630,3,648021,24.92915332,56.85766939,Latvia,拉脱维亚,Lettonie,Letonia,Латвия,لاتفيا
Andorra,2020-04-12T00:00:00.000Z,622,28,648022,1.57568833,42.54858297,Andorra,安道尔,Andorre,Andorra,Андорра,أندورا
Cyprus,2020-04-12T00:00:00.000Z,616,15,648023,33.21863708,35.04299175,Cyprus,塞浦路斯,Chypre,Chipre,Кипр,قبرص
Albania,2020-04-12T00:00:00.000Z,446,23,648024,20.06917817,41.14595803,Albania,阿尔巴尼亚,Albanie,Albania,Албания,ألبانيا
Kyrgyzstan,2020-04-12T00:00:00.000Z,377,5,648025,74.555493,41.46490717,Kyrgyzstan,吉尔吉斯斯坦,Kirghizistan,Kirguistán,Кыргызстан,قيرغيزستان
Malta,2020-04-12T00:00:00.000Z,370,3,648026,14.40457358,35.92036651,Malta,马耳他,Malte,Malta,Мальта,مالطة
San Marino,2020-04-12T00:00:00.000Z,356,35,648027,12.46035762,43.94191474,San Marino,圣马力诺,Saint-Marin,San Marino,Сан-Марино,سان مارينو
Montenegro,2020-04-12T00:00:00.000Z,262,2,648028,19.26458919,42.79659203,Montenegro,黑山,Monténégro,Montenegro,Черногория,الجبل الأسود
Georgia,2020-04-12T00:00:00.000Z,252,3,648029,43.51757115,42.17632583,Georgia,格鲁吉亚,Géorgie,Georgia,Грузия,جورجيا
Liechtenstein,2020-04-12T00:00:00.000Z,80,1,648030,9.55526493,47.15259548,Liechtenstein,"列支敦士登
",,,,
Monaco,2020-04-12T00:00:00.000Z,54,0,648031,7.41201715,43.75034615,Monaco,摩纳哥,Monaco,Mónaco,Монако,موناكو
Holy See,2020-04-12T00:00:00.000Z,8,0,648032,12.48571114,41.89324195,Holy See,"梵蒂冈
",,,,
Kosovo[1],2020-04-12T00:00:00.000Z,283,7,648033,20.81133086,44.03387222,Kosovo[1],科索沃[1],,,,
Isle of Man,2020-04-12T00:00:00.000Z,204,1,648034,-4.52652992,54.2288333,Isle of Man,"马恩岛
",,,,
Guernsey,2020-04-12T00:00:00.000Z,200,6,648035,-2.57582282,49.4590463,Guernsey,"根西岛
",,,,
Jersey,2020-04-12T00:00:00.000Z,198,4,648036,-2.12891773,49.21949816,Jersey,"泽西岛
",,,,
Faroe Islands,2020-04-12T00:00:00.000Z,184,0,648037,-6.86363602,62.050314,Faroe Islands,"法罗群岛
",,,,
Gibraltar,2020-04-12T00:00:00.000Z,113,1,648038,-5.34488893,36.1381932,Gibraltar,"直布罗陀
",,,,
Greenland,2020-04-12T00:00:00.000Z,11,0,648039,-41.39096667,74.71895353,Greenland,"格陵兰岛
",,,,
India,2020-04-12T00:00:00.000Z,8356,273,648040,79.6188183,22.88132057,India,印度,Inde,India,Индия,الهند
Indonesia,2020-04-12T00:00:00.000Z,4241,373,648041,117.3110169,-2.22903453,Indonesia,印度尼西亚,Indonésie,Indonesia,Индонезия,إندونيسيا
Thailand,2020-04-12T00:00:00.000Z,2551,38,648042,101.0149078,15.11989876,Thailand,泰国,Thaïlande,Tailandia,Таиланд,تايلند
Bangladesh,2020-04-12T00:00:00.000Z,621,34,648043,90.27092576,23.8330072,Bangladesh,孟加拉国,Bangladesh,Bangladesh,Бангладеш,بنغلاديش
Sri Lanka,2020-04-12T00:00:00.000Z,199,7,648044,80.70426262,7.61236243,Sri Lanka,斯里兰卡,Sri Lanka,Sri Lanka,Шри-Ланка,سري لانكا
Myanmar,2020-04-12T00:00:00.000Z,38,3,648045,96.50868206,21.14009536,Myanmar,缅甸,Myanmar,Myanmar,Мьянма,ميانمار
Maldives,2020-04-12T00:00:00.000Z,20,0,648046,73.25178478,3.37481932,Maldives,马尔代夫,Maldives,Maldivas,Мальдивские Острова,ملديف
Nepal,2020-04-12T00:00:00.000Z,12,0,648047,83.93851707,28.25300785,Nepal,尼泊尔,Népal,Nepal,Непал,نيبال
Bhutan,2020-04-12T00:00:00.000Z,5,0,648048,90.42943275,27.41546082,Bhutan,不丹,Bhoutan,Bhután,Бутан,بوتان
Timor-Leste,2020-04-12T00:00:00.000Z,2,0,648049,125.8609961,-8.82052123,Timor-Leste,东帝汶,Timor-Leste,Timor-Leste,Тимор-Лешти,تيمور- ليشتي
Iran (Islamic Republic of),2020-04-12T00:00:00.000Z,71686,4474,648050,54.30141376,32.56479959,Iran (Islamic Republic of),伊朗（伊斯兰共和国）,Iran (République islamique d'),Irán (República Islámica del),Иран (Исламская Республика),إيران (جمهورية - الإسلامية)
Pakistan,2020-04-12T00:00:00.000Z,5374,93,648051,69.38581881,29.96678898,Pakistan,巴基斯坦,Pakistan,Pakistán,Пакистан,باكستان
Saudi Arabia,2020-04-12T00:00:00.000Z,4462,59,648052,44.57044965,24.08088192,Saudi Arabia,沙特阿拉伯,Arabie saoudite,Arabia Saudita,Саудовская Аравия,المملكة العربية السعودية
United Arab Emirates,2020-04-12T00:00:00.000Z,4123,22,648053,54.33219878,23.91267254,United Arab Emirates,阿拉伯联合酋长国,Émirats arabes unis,Emiratos Árabes Unidos,Объединенные Арабские Эмираты,الإمارات العربية المتحدة
Qatar,2020-04-12T00:00:00.000Z,2979,7,648054,51.19120083,25.31580997,Qatar,卡塔尔,Qatar,Qatar,Катар,قطر
Egypt,2020-04-12T00:00:00.000Z,2065,159,648055,29.78210708,26.5565646,Egypt,埃及,Égypte,Egipto,Египет,مصر
Morocco,2020-04-12T00:00:00.000Z,1661,118,648056,-6.31780295,31.88355697,Morocco,摩洛哥,Maroc,Marruecos,Марокко,المغرب
Iraq,2020-04-12T00:00:00.000Z,1352,76,648057,43.77224552,33.04800654,Iraq,伊拉克,Iraq,Iraq,Ирак,العراق
Kuwait,2020-04-12T00:00:00.000Z,1234,1,648058,47.59355128,29.34250906,Kuwait,科威特,Koweït,Kuwait,Кувейт,الكويت
Bahrain,2020-04-12T00:00:00.000Z,1136,6,648059,50.56248915,26.01947392,Bahrain,巴林,Bahreïn,Bahrein,Бахрейн,البحرين
Oman,2020-04-12T00:00:00.000Z,727,4,648060,56.10981747,20.60208368,Oman,阿曼,Oman,Omán,Оман,عمان
Tunisia,2020-04-12T00:00:00.000Z,707,31,648061,9.56156142,34.11124917,Tunisia,突尼斯,Tunisie,Túnez,Тунис,تونس
Lebanon,2020-04-12T00:00:00.000Z,630,20,648062,35.88806123,33.92039304,Lebanon,黎巴嫩,Liban,Líbano,Ливан,لبنان
Afghanistan,2020-04-12T00:00:00.000Z,607,19,648063,66.02652977,33.83890116,Afghanistan,阿富汗,Afghanistan,Afganistán,Афганистан,أفغانستان
Jordan,2020-04-12T00:00:00.000Z,389,7,648064,36.78694114,31.25338179,Jordan,约旦,Jordanie,Jordania,Иордания,الأردن
Djibouti,2020-04-12T00:00:00.000Z,215,2,648065,42.5779403,11.7498128,Djibouti,吉布提,Djibouti,Djibouti,Джибути,جيبوتي
Somalia,2020-04-12T00:00:00.000Z,27,2,648066,45.86255927,6.0637135,Somalia,索马里,Somalie,Somalia,Сомали,الصومال
Libya,2020-04-12T00:00:00.000Z,25,1,648067,18.02318627,27.04404524,Libya,利比亚,Libye,Libia,Ливия,ليبيا
Syrian Arab Republic,2020-04-12T00:00:00.000Z,25,2,648068,38.50584744,35.01307272,Syrian Arab Republic,阿拉伯叙利亚共和国,République arabe syrienne,República Árabe Siria,Сирийская Арабская Республика,الجمهورية العربية السورية
Sudan,2020-04-12T00:00:00.000Z,19,2,648069,30.00438135,16.04883821,Sudan,苏丹,Soudan,Sudán,Судан,السودان
Yemen,2020-04-12T00:00:00.000Z,1,0,648070,47.58223641,15.8386485,Yemen,也门,Yémen,Yemen,Йемен,اليمن
occupied Palestinian territory,2020-04-12T00:00:00.000Z,271,2,648071,35.20376878,31.91395114,occupied Palestinian territory,"巴勒斯坦被占领土
",,,,
United States of America,2020-04-12T00:00:00.000Z,524514,20444,648072,-112.4935645,45.6954816,United States of America,美利坚合众国,États-Unis d'Amérique,Estados Unidos de América,Соединенные Штаты Америки,الولايات المتحدة الأمريكية 
Canada,2020-04-12T00:00:00.000Z,23702,674,648073,-98.26094698,61.3930667,Canada,加拿大,Canada,Canadá,Канада,كندا
Brazil,2020-04-12T00:00:00.000Z,20727,1124,648074,-53.08875436,-10.7722828,Brazil,巴西,Brésil,Brasil,Бразилия,البرازيل
Ecuador,2020-04-12T00:00:00.000Z,7466,333,648075,-78.78096177,-1.42528337,Ecuador,厄瓜多尔,Équateur,Ecuador,Эквадор,إكوادور
Chile,2020-04-12T00:00:00.000Z,7213,80,648076,-71.38009385,-37.86811922,Chile,智利,Chili,Chile,Чили,شيلي
Peru,2020-04-12T00:00:00.000Z,6848,181,648077,-74.37540668,-9.16377133,Peru,秘鲁,Pérou,Perú,Перу,بيرو
Mexico,2020-04-12T00:00:00.000Z,4219,273,648078,-102.5349909,23.95092841,Mexico,墨西哥,Mexique,México,Мексика,المكسيك
Panama,2020-04-12T00:00:00.000Z,3234,79,648079,-80.10906884,8.50544318,Panama,巴拿马,Panama,Panamá,Панама,بنما
Dominican Republic,2020-04-12T00:00:00.000Z,2967,173,648080,-70.48543447,18.89309386,Dominican Republic,多米尼加 ,République dominicaine,República Dominicana,Доминиканская Республика,الجمهورية الدومينيكية
Colombia,2020-04-12T00:00:00.000Z,2709,100,648081,-73.07576335,3.90037401,Colombia,哥伦比亚,Colombie,Colombia,Колумбия,كولومبيا
Argentina,2020-04-12T00:00:00.000Z,1975,82,648082,-65.16748474,-35.37667253,Argentina,阿根廷 ,Argentine,Argentina,Аргентина,الأرجنتين
Cuba,2020-04-12T00:00:00.000Z,669,18,648083,-79.0381998,21.62142096,Cuba,古巴,Cuba,Cuba,Куба,كوبا
Costa Rica,2020-04-12T00:00:00.000Z,577,3,648084,-84.18903867,9.97052135,Costa Rica,哥斯达黎加,Costa Rica,Costa Rica,Коста-Рика,كوستاريكا
Uruguay,2020-04-12T00:00:00.000Z,501,7,648085,-56.01217362,-32.79956992,Uruguay,乌拉圭,Uruguay,Uruguay,Уругвай,أوروغواي
Honduras,2020-04-12T00:00:00.000Z,393,25,648086,-86.61965899,14.81934813,Honduras,洪都拉斯,Honduras,Honduras,Гондурас,هندوراس
Bolivia (Plurinational State of),2020-04-12T00:00:00.000Z,300,24,648087,-64.67054847,-16.71510989,Bolivia (Plurinational State of),玻利维亚（多民族国）,Bolivie (État plurinational de),Bolivia (Estado Plurinacional de)  ,Боливия (Многонациональное Государство),بوليفيا (دولة - المتعددة القوميات)
Venezuela (Bolivarian Republic of),2020-04-12T00:00:00.000Z,171,9,648088,-66.16621515,7.12493711,Venezuela (Bolivarian Republic of),委内瑞拉(玻利瓦尔共和国),Venezuela (République bolivarienne du),Venezuela (República Bolivariana de),Венесуэла (Боливарианская Республика),فنزويلا
Guatemala,2020-04-12T00:00:00.000Z,153,3,648089,-90.3569493,15.7023026,Guatemala,危地马拉,Guatemala,Guatemala,Гватемала,غواتيمالا
Paraguay,2020-04-12T00:00:00.000Z,134,6,648090,-58.39095178,-23.23612887,Paraguay,巴拉圭,Paraguay,Paraguay,Парагвай,باراغواي
El Salvador,2020-04-12T00:00:00.000Z,125,6,648091,-88.86560674,13.73614532,El Salvador,萨尔瓦多,El Salvador,El Salvador,Сальвадор,السلفادور
Trinidad and Tobago,2020-04-12T00:00:00.000Z,112,8,648092,-61.25263722,10.46836429,Trinidad and Tobago,特立尼达和多巴哥,Trinité-et-Tobago,Trinidad y Tabago,Тринидад и Тобаго ,ترينيداد وتوباغو
Jamaica,2020-04-12T00:00:00.000Z,69,4,648093,-77.31975081,18.15133064,Jamaica,牙买加,Jamaïque,Jamaica,Ямайка,جامايكا
Barbados,2020-04-12T00:00:00.000Z,68,4,648094,-59.56212696,13.17879902,Barbados,巴巴多斯,Barbade,Barbados,Барбадос,بربادوس
Bahamas,2020-04-12T00:00:00.000Z,42,8,648095,-76.5004385,24.1666829,Bahamas,巴哈马,Bahamas,Bahamas,Багамские Острова,جزر البهاما
Guyana,2020-04-12T00:00:00.000Z,37,6,648096,-58.97416349,4.79237827,Guyana,圭亚那,Guyana,Guyana,Гайана,غيانا
Haiti,2020-04-12T00:00:00.000Z,31,2,648097,-72.68358014,18.93900136,Haiti,海地,Haïti,Haití,Гаити,هايتي
Antigua and Barbuda,2020-04-12T00:00:00.000Z,21,2,648098,-61.79112759,17.280137,Antigua and Barbuda,安提瓜和巴布达,Antigua-et-Barbuda,Antigua y Barbuda,Антигуа и Барбуда,أنتيغوا وبربودا
Dominica,2020-04-12T00:00:00.000Z,16,0,648099,-61.35549385,15.43661252,Dominica,多米尼克,Dominique,Dominica,Доминика,دومينيكا
Saint Lucia,2020-04-12T00:00:00.000Z,15,0,648100,-60.96869084,13.89811518,Saint Lucia,圣卢西亚,Sainte-Lucie,Santa Lucía,Сент-Люсия,سانت لوسيا
Grenada,2020-04-12T00:00:00.000Z,14,0,648101,-61.65003909,12.16251573,Grenada,格林纳达,Grenade,Granada,Гренада,غرينادا
Belize,2020-04-12T00:00:00.000Z,13,2,648102,-88.68278545,17.21852829,Belize,伯利兹,Belize,Belice,Белиз,بليز
Saint Kitts and Nevis,2020-04-12T00:00:00.000Z,12,0,648103,-62.69617397,17.26585656,Saint Kitts and Nevis,圣基茨和尼维斯,Saint-Kitts-et-Nevis,Saint Kitts y Nevis,Сент-Китс и Невис,سانت كيتس ونيفس
Saint Vincent and the Grenadines,2020-04-12T00:00:00.000Z,12,0,648104,-61.20753009,13.20205468,Saint Vincent and the Grenadines,圣文森特和格林纳丁斯,Saint-Vincent-et-les Grenadines,San Vicente y las Granadinas,Сент-Винсент и Гренадины,سانت فنسنت وجزر غرينادين
Nicaragua,2020-04-12T00:00:00.000Z,11,1,648105,-85.03375025,12.84006976,Nicaragua,尼加拉瓜,Nicaragua,Nicaragua,Никарагуа,نيكاراغوا
Suriname,2020-04-12T00:00:00.000Z,10,1,648106,-55.91158124,4.12671321,Suriname,苏里南,Suriname,Suriname,Суринам,سورينام
Puerto Rico,2020-04-12T00:00:00.000Z,897,44,648107,-66.46612748,18.22093074,Puerto Rico,"波多黎各
",,,,
Martinique,2020-04-12T00:00:00.000Z,156,6,648108,-61.02147382,14.65277419,Martinique,"马提尼克岛
",,,,
Guadeloupe,2020-04-12T00:00:00.000Z,143,8,648109,-61.53039242,16.20126357,Guadeloupe,"瓜德罗普岛
",,,,
Aruba,2020-04-12T00:00:00.000Z,92,0,648110,-69.97713313,12.51668736,Aruba,"阿鲁巴
",,,,
French Guiana,2020-04-12T00:00:00.000Z,86,0,648111,-53.24126696,3.9243882,French Guiana,"法属圭亚那
",,,,
Cayman Islands,2020-04-12T00:00:00.000Z,53,1,648112,-80.82909683,19.431525,Cayman Islands,"开曼群岛
",,,,
United States Virgin Islands,2020-04-12T00:00:00.000Z,51,1,648113,-64.78692721,17.9678899,United States Virgin Islands,"美属维尔京群岛
",,,,
Bermuda,2020-04-12T00:00:00.000Z,50,4,648114,-64.75637722,32.31349498,Bermuda,"百慕大
",,,,
Sint Maarten,2020-04-12T00:00:00.000Z,50,9,648115,-63.06194338,18.04683524,Sint Maarten,"圣马丁
",,,,
Saint Martin,2020-04-12T00:00:00.000Z,33,2,648116,-63.06457229,18.0876049,Saint Martin,"圣马丁岛
",,,,
Curaçao,2020-04-12T00:00:00.000Z,14,1,648117,-68.96749055,12.18779752,Curaçao,"库拉索岛
",,,,
Montserrat,2020-04-12T00:00:00.000Z,9,0,648118,-62.18692145,16.73575969,Montserrat,"蒙特塞拉特岛
",,,,
Turks and Caicos Islands,2020-04-12T00:00:00.000Z,9,1,648119,-71.88207917,21.80869292,Turks and Caicos Islands,"特克斯和凯科斯群岛
",,,,
Saint Barthélemy,2020-04-12T00:00:00.000Z,6,0,648120,-62.83353803,17.9057614,Saint Barthélemy,"圣巴泰勒米
",,,,
Falkland Islands (Malvinas),2020-04-12T00:00:00.000Z,5,0,648121,-59.37234604,-51.7398244,Falkland Islands (Malvinas),"福克兰群岛（马尔维纳斯群岛）
",,,,
Anguilla,2020-04-12T00:00:00.000Z,3,0,648122,-63.05795609,18.22423294,Anguilla,"安圭拉
",,,,
"Bonaire, Sint Eustatius and Saba",2020-04-12T00:00:00.000Z,3,0,648123,-67.68370917,12.8019026,"Bonaire, Sint Eustatius and Saba","博内尔、圣尤斯特歇斯和萨巴
",,,,
British Virgin Islands,2020-04-12T00:00:00.000Z,3,0,648124,-64.48189201,18.50995704,British Virgin Islands,"英属维尔京群岛
",,,,
Saint Pierre and Miquelon,2020-04-12T00:00:00.000Z,1,0,648125,-56.30527649,46.92888261,Saint Pierre and Miquelon,"圣皮埃尔和密克隆岛
",,,,
South Africa,2020-04-12T00:00:00.000Z,2173,25,648126,25.08871199,-28.99321352,South Africa,南非,Afrique du Sud,Sudáfrica,Южная Африка,جنوب أفريقيا
Algeria,2020-04-12T00:00:00.000Z,1914,293,648127,2.63236595,28.16335741,Algeria,阿尔及利亚,Algérie,Argelia,Алжир,الجزائر
Cameroon,2020-04-12T00:00:00.000Z,803,10,648128,12.7432535,5.68580436,Cameroon,喀麦隆,Cameroun,Camerún,Камерун,الكاميرون
Ghana,2020-04-12T00:00:00.000Z,566,8,648129,-1.20704619,7.95964382,Ghana,加纳,Ghana,Ghana,Гана,غانا
Côte d’Ivoire,2020-04-12T00:00:00.000Z,533,4,648130,-5.55549992,7.6317253,Côte d’Ivoire,科特迪瓦,Côte d'Ivoire,Côte d'Ivoire,Кот-д'Ивуар,كوت ديفوار
Niger,2020-04-12T00:00:00.000Z,529,12,648131,9.39765754,17.42632282,Niger,尼日尔,Niger,Níger,Нигер,النيجر
Burkina Faso,2020-04-12T00:00:00.000Z,443,19,648132,-1.73983521,12.27793715,Burkina Faso,布基纳法索,Burkina Faso,Burkina Faso,Буркина-Фасо,بوركينا فاسو
Mauritius,2020-04-12T00:00:00.000Z,324,9,648133,57.868476,-20.1700678,Mauritius,毛里求斯,Maurice,Mauricio,Маврикий,موريشيوس
Nigeria,2020-04-12T00:00:00.000Z,323,10,648134,8.10527726,9.59360399,Nigeria,尼日利亚,Nigéria,Nigeria,Нигерия,نيجيريا
Senegal,2020-04-12T00:00:00.000Z,280,2,648135,-14.46817708,14.36697954,Senegal,塞内加尔,Sénégal,Senegal,Сенегал,السنغال
Guinea,2020-04-12T00:00:00.000Z,250,0,648136,-10.94182542,10.43854094,Guinea,几内亚,Guinée,Guinea,Гвинея,غينيا
Democratic Republic of the Congo,2020-04-12T00:00:00.000Z,235,20,648137,23.65431545,-2.87622576,Democratic Republic of the Congo,刚果民主共和国,République démocratique du Congo,República Democrática del Congo,Демократическая Республика Конго,جمهورية الكونغو الديمقراطية 
Kenya,2020-04-12T00:00:00.000Z,197,8,648138,37.85786442,0.52978018,Kenya,肯尼亚,Kenya,Kenya,Кения,كينيا
Rwanda,2020-04-12T00:00:00.000Z,126,0,648139,29.91720553,-1.99796798,Rwanda,卢旺达,Rwanda,Rwanda,Руанда,رواندا
Madagascar,2020-04-12T00:00:00.000Z,106,0,648140,46.70599248,-19.37352133,Madagascar,马达加斯加,Madagascar,Madagascar,Мадагаскар,مدغشقر
Mali,2020-04-12T00:00:00.000Z,87,7,648141,-3.52433672,17.35036933,Mali,马里,Mali,Malí,Мали,مالي
Togo,2020-04-12T00:00:00.000Z,76,3,648142,0.97584596,8.53491037,Togo,多哥,Togo,Togo (el),Того,توغو
Ethiopia,2020-04-12T00:00:00.000Z,71,3,648143,39.61601894,8.62613927,Ethiopia,埃塞俄比亚,Éthiopie,Etiopía,Эфиопия,إثيوبيا
Congo,2020-04-12T00:00:00.000Z,70,5,648144,15.22427459,-0.84006603,Congo,刚果,Congo,Congo (el),Конго,الكونغو
Gabon,2020-04-12T00:00:00.000Z,57,1,648145,11.79715762,-0.59067797,Gabon,加蓬,Gabon,Gabón,Габон,غابون
Uganda,2020-04-12T00:00:00.000Z,54,0,648146,32.38622999,1.28008463,Uganda,乌干达,Ouganda,Uganda,Уганда,أوغندا
Liberia,2020-04-12T00:00:00.000Z,50,5,648147,-9.30784656,6.44811846,Liberia,利比里亚,Libéria,Liberia,Либерия,ليبريا
Zambia,2020-04-12T00:00:00.000Z,43,2,648148,27.79788004,-13.45307543,Zambia,赞比亚,Zambie,Zambia,Замбия,زامبيا
Guinea-Bissau,2020-04-12T00:00:00.000Z,39,0,648149,-14.98748401,12.0161983,Guinea-Bissau,几内亚比绍,Guinée-Bissau,Guinea-Bissau,Гвинея-Бисау,غينيا - بيساو
Benin,2020-04-12T00:00:00.000Z,35,1,648150,2.34326271,9.64764997,Benin,贝宁,Bénin,Benin,Бенин,بنن
Eritrea,2020-04-12T00:00:00.000Z,34,0,648151,38.85292555,15.35884102,Eritrea,厄立特里亚,Érythrée,Eritrea,Эритрея,إريتريا
United Republic of Tanzania,2020-04-12T00:00:00.000Z,32,3,648152,34.82340201,-6.27019905,United Republic of Tanzania,坦桑尼亚联合共和国,République-Unie de Tanzanie,República Unida de Tanzanía,Объединенная Республика Танзания,جمهورية تنزانيا المتحدة
Mozambique,2020-04-12T00:00:00.000Z,20,0,648153,35.55226053,-17.26019392,Mozambique,莫桑比克,Mozambique,Mozambique,Мозамбик,موزامبيق
Angola,2020-04-12T00:00:00.000Z,19,2,648154,17.54379621,-12.29575318,Angola,安哥拉,Angola,Angola,Ангола,أنغولا
Chad,2020-04-12T00:00:00.000Z,18,0,648155,18.66460339,15.3611457,Chad,乍得,Tchad,Chad (el),Чад,تشاد
Equatorial Guinea,2020-04-12T00:00:00.000Z,18,0,648156,10.33849628,1.7101686,Equatorial Guinea,赤道几内亚,Guinée équatoriale,Guinea Ecuatorial,Экваториальная Гвинея,غينيا الاستوائية
Namibia,2020-04-12T00:00:00.000Z,16,0,648157,17.21845028,-22.13329329,Namibia,纳米比亚,Namibie,Namibia,Намибия,ناميبيا
Eswatini,2020-04-12T00:00:00.000Z,14,0,648158,31.4971888,-26.56211674,Eswatini,斯威士兰,Eswatini,Eswatini,Эсватини,إسواتيني
Zimbabwe,2020-04-12T00:00:00.000Z,14,3,648159,29.87175983,-19.00000577,Zimbabwe,津巴布韦,Zimbabwe,Zimbabwe,Зимбабве,زمبابوي
Botswana,2020-04-12T00:00:00.000Z,13,1,648160,23.8150775,-22.18204202,Botswana,博茨瓦纳,Botswana,Botswana,Ботсвана,بوتسوانا
Malawi,2020-04-12T00:00:00.000Z,13,2,648161,34.30698504,-13.21510424,Malawi,马拉维,Malawi,Malawi,Малави,ملاوي
Central African Republic,2020-04-12T00:00:00.000Z,11,0,648162,20.48278081,6.57145342,Central African Republic,中非共和国,République centrafricaine,República Centroafricana,Центральноафриканская Республика,جمهورية أفريقيا الوسطى
Seychelles,2020-04-12T00:00:00.000Z,11,0,648163,52.23005901,-6.39906405,Seychelles,塞舌尔,Seychelles,Seychelles,Сейшельские Острова,سيشيل
Sierra Leone,2020-04-12T00:00:00.000Z,10,0,648164,-11.7921029,8.56034092,Sierra Leone,塞拉利昂,Sierra Leone,Sierra Leona,Сьерра-Леоне,سيراليون
Gambia,2020-04-12T00:00:00.000Z,9,1,648165,-15.3856196,13.4529444,Gambia,冈比亚,Gambie,Gambia,Гамбия,غامبيا
Cabo Verde,2020-04-12T00:00:00.000Z,7,1,648166,-23.545,14.928,Cabo Verde,佛得角,Cabo Verde,Cabo Verde,Кабо-Верде,كابو فيردي
Mauritania,2020-04-12T00:00:00.000Z,7,1,648167,-10.33226041,20.25990361,Mauritania,毛里塔尼亚,Mauritanie,Mauritania,Мавритания,موريتانيا
Burundi,2020-04-12T00:00:00.000Z,5,0,648168,29.88682139,-3.35629712,Burundi,布隆迪,Burundi,Burundi,Бурунди,بوروندي
Sao Tome and Principe,2020-04-12T00:00:00.000Z,4,0,648169,6.73729084,0.45825363,Sao Tome and Principe,圣多美和普林西比,Sao Tomé-et-Principe,Santo Tomé y Príncipe,Сан-Томе и Принсипи,سان تومي وبرينسيبي
South Sudan,2020-04-12T00:00:00.000Z,4,0,648170,30.34067655,7.27961187,South Sudan,南苏丹,Soudan du Sud, Sudán del Sur ,Южный Судан,جنوب السودان
Réunion,2020-04-12T00:00:00.000Z,389,0,648171,55.53821274,-21.12162946,Réunion,"留尼汪岛
",,,,
Mayotte,2020-04-12T00:00:00.000Z,207,3,648172,45.13926174,-12.81835006,Mayotte,"马约特岛
",,,,
International conveyance (Diamond Princess),2020-04-12T00:00:00.000Z,712,12,648173,,,International conveyance (Diamond Princess),国际交通工具（“钻石公主号”邮轮）),,,,