"0","library(plyr);"
"2","
Attaching package: ‘plyr’

"
"2","The following objects are masked from ‘package:plotly’:

    arrange, mutate, rename, summarise

"
"0","library(tidyverse);"
"2","Registered S3 methods overwritten by 'dbplyr':
  method         from
  print.tbl_lazy     
  print.tbl_sql      
"
"2","[37m-- [1mAttaching packages[22m --------------------------------------- tidyverse 1.3.0 --[39m
"
"2","[37m[32mv[37m [34mtibble [37m 2.1.3     [32mv[37m [34mdplyr  [37m 0.8.3
[32mv[37m [34mtidyr  [37m 1.0.2     [32mv[37m [34mstringr[37m 1.4.0
[32mv[37m [34mreadr  [37m 1.3.1     [32mv[37m [34mforcats[37m 0.4.0
[32mv[37m [34mpurrr  [37m 0.3.3     [39m
"
"2","[37m-- [1mConflicts[22m ------------------------------------------ tidyverse_conflicts() --
[31mx[37m [34mdplyr[37m::[32marrange()[37m   masks [34mplyr[37m::arrange(), [34mplotly[37m::arrange()
[31mx[37m [34mpurrr[37m::[32mcompact()[37m   masks [34mplyr[37m::compact()
[31mx[37m [34mdplyr[37m::[32mcount()[37m     masks [34mplyr[37m::count()
[31mx[37m [34mdplyr[37m::[32mfailwith()[37m  masks [34mplyr[37m::failwith()
[31mx[37m [34mdplyr[37m::[32mfilter()[37m    masks [34mplotly[37m::filter(), [34mstats[37m::filter()
[31mx[37m [34mdplyr[37m::[32mid()[37m        masks [34mplyr[37m::id()
[31mx[37m [34mdplyr[37m::[32mlag()[37m       masks [34mstats[37m::lag()
[31mx[37m [34mdplyr[37m::[32mmutate()[37m    masks [34mplyr[37m::mutate(), [34mplotly[37m::mutate()
[31mx[37m [34mdplyr[37m::[32mrename()[37m    masks [34mplyr[37m::rename(), [34mplotly[37m::rename()
[31mx[37m [34mdplyr[37m::[32msummarise()[37m masks [34mplyr[37m::summarise(), [34mplotly[37m::summarise()
[31mx[37m [34mdplyr[37m::[32msummarize()[37m masks [34mplyr[37m::summarize()[39m
"
"0","library(lubridate);"
"2","
Attaching package: ‘lubridate’

"
"2","The following object is masked from ‘package:plyr’:

    here

"
"2","The following object is masked from ‘package:base’:

    date

"
